235.71, -1.64
314.59, 44.08
290.23, -1.64
337.90, -2439.84
381.38, 97.41
418.85, 493.62
418.55, 386.95
400.09, 287.90
399.92, 226.94
399.75, 165.99
410.59, -2439.84
456.61, 996.50
438.24, 927.92
438.07, 866.97
437.90, 806.01
437.73, 745.06
437.56, 684.10
437.38, 623.15
437.21, 562.19
436.87, 440.28
483.29, -2439.84
529.33, 1004.12
567.71, 1727.96
549.35, 1659.38
549.18, 1598.43
549.00, 1537.47
548.83, 1476.52
548.66, 1415.56
548.49, 1354.61
548.32, 1293.65
548.15, 1232.70
547.97, 1171.74
547.80, 1110.79
547.63, 1049.83
555.99, -2439.84
604.23, 1788.91
641.10, 1971.78
622.73, 1903.20
622.56, 1842.25
628.69, -2439.84
701.39, -2439.84
756.37, 2030.19
731.99, 1979.40
795.38, 2975.00
770.96, 2908.96
770.61, 2787.05
788.62, 2726.10
788.45, 2665.14
788.27, 2604.19
788.12, 2550.85
769.76, 2482.28
769.58, 2421.32
769.41, 2360.37
769.24, 2299.41
769.07, 2238.46
768.90, 2177.50
768.73, 2116.55
774.09, -2439.84
833.68, 3670.90
827.41, 3594.71
827.24, 3533.75
827.07, 3472.80
826.92, 3419.46
808.59, 3366.12
808.42, 3305.17
808.25, 3244.21
808.08, 3183.26
807.91, 3122.30
807.73, 3061.35
846.78, -2439.84
901.22, 3990.91
882.83, 3914.72
882.66, 3853.76
882.49, 3792.81
882.32, 3731.85
919.48, -2439.84
974.61, 4234.73
956.22, 4158.54
956.05, 4097.58
955.87, 4036.63
955.75, 3990.91
1011.71, 4501.41
993.34, 4432.84
993.17, 4371.88
993.00, 4310.93
992.18, -2439.84
1049.08, 4867.14
1030.72, 4798.57
1030.54, 4737.61
1030.37, 4676.66
1030.20, 4615.70
1030.03, 4554.75
1087.15, 5476.69
1068.78, 5408.12
1068.61, 5347.16
1068.44, 5286.21
1068.27, 5225.25
1068.09, 5164.30
1067.92, 5103.34
1067.75, 5042.39
1067.58, 4981.43
1067.41, 4920.48
1064.88, -2439.84
1161.32, 6002.43
1142.94, 5926.24
1142.76, 5865.28
1142.59, 5804.32
1142.42, 5743.37
1142.25, 5682.41
1142.08, 5621.46
1141.91, 5560.50
1141.74, 5499.55
1119.40, -2439.84
1200.48, 7000.57
1182.11, 6931.99
1181.94, 6871.04
1181.77, 6810.08
1181.60, 6749.13
1181.43, 6688.17
1181.26, 6627.22
1181.09, 6566.26
1180.91, 6505.31
1180.74, 6444.35
1180.57, 6383.40
1180.40, 6322.44
1180.23, 6261.49
1180.06, 6200.53
1179.89, 6139.58
1179.71, 6078.62
1255.07, 7023.43
1311.24, 7610.12
1292.88, 7541.54
1292.75, 7495.83
1383.96, 7617.74
1469.12, 9893.39
1444.70, 9827.36
1444.53, 9766.40
1444.36, 9705.45
1462.36, 9644.49
1462.19, 9583.54
1462.02, 9522.58
1443.67, 9461.63
1443.50, 9400.67
1443.33, 9339.72
1461.33, 9278.76
1461.16, 9217.81
1460.99, 9156.85
1442.65, 9095.90
1442.47, 9034.94
1442.30, 8973.99
1460.31, 8913.03
1460.13, 8852.08
1459.98, 8798.74
1441.62, 8730.17
1441.45, 8669.21
1441.27, 8608.26
1459.28, 8547.30
1459.11, 8486.35
1458.96, 8433.01
1440.59, 8364.44
1440.42, 8303.48
1440.24, 8242.53
1458.25, 8181.57
1458.08, 8120.62
1457.91, 8059.66
1439.56, 7998.71
1439.39, 7937.75
1439.22, 7876.80
1457.22, 7815.84
1457.05, 7754.89
1456.88, 7693.93
1438.53, 7632.98
1516.50, 9507.34
1515.47, 9141.61
1514.44, 8775.88
